DROP TABLE dbo.MM_MOVIE_MOVIE_STAR; 
DROP TABLE dbo.MM_MOVIE;
DROP TABLE dbo.MM_MOVIE_STAR;
DROP TABLE dbo.MM_MOVIE_GENRE;
DROP TABLE dbo.MM_DIRECTOR;
--------------------------------------------------------
--  DDL for Table MM_DIRECTOR
--------------------------------------------------------

  CREATE TABLE MM_DIRECTOR 
   (	DIRECTOR_NO SMALLINT NOT NULL PRIMARY KEY, 
	LASTNAME VARCHAR(30) NOT NULL, 
	FIRSTNAME VARCHAR(30) NOT NULL, 
	BIRTH_YEAR SMALLINT, 
	DEATH_YEAR SMALLINT
   ) ;

--------------------------------------------------------
--  DDL for Table MM_MOVIE
--------------------------------------------------------

  CREATE TABLE MM_MOVIE 
   (	MOVIE_NO SMALLINT NOT NULL PRIMARY KEY, 
	TITLE VARCHAR(30) NOT NULL, 
	CRITICS_RATING VARCHAR(2), 
	MPAA_RATING VARCHAR(2), 
	NO_AWARDS_NOMINATED TINYINT, 
	NO_AWARDS_WON TINYINT, 
	DIR_DIRECTOR_NO SMALLINT, 
	MG_MOVIE_GENRE_NO TINYINT, 
	YEAR_MADE SMALLINT
   ) ;
--------------------------------------------------------
--  DDL for Table MM_MOVIE_GENRE
--------------------------------------------------------

  CREATE TABLE MM_MOVIE_GENRE 
   (	MOVIE_GENRE_NO TINYINT NOT NULL PRIMARY KEY, 
	MOVIE_GENRE_DESCRIPTION VARCHAR(50) NOT NULL, 
	MOVIE_GENRE_FINE DECIMAL(5,2)
   ) ;
--------------------------------------------------------
--  DDL for Table MM_MOVIE_MOVIE_STAR
--------------------------------------------------------

  CREATE TABLE MM_MOVIE_MOVIE_STAR 
   (	MOV_MOVIE_NO SMALLINT, --NOT NULL
	MS_STAR_NO SMALLINT --NOT NULL 
   ) ;
--------------------------------------------------------
--  DDL for Table MM_MOVIE_STAR
--------------------------------------------------------

  CREATE TABLE MM_MOVIE_STAR 
   (	STAR_NO SMALLINT NOT NULL PRIMARY KEY, 
	LASTNAME VARCHAR(30) NOT NULL, 
	FIRSTNAME VARCHAR(30) NOT NULL, 
	BIRTH_PLACE VARCHAR(30), 
	BIRTH_YEAR SMALLINT, 
	DEATH_YEAR SMALLINT
   ) ;

--------------------------------------------------------
--  Ref Constraints for Table MM_MOVIE
--------------------------------------------------------

  ALTER TABLE MM_MOVIE ADD CONSTRAINT MM_MOVIE_DIRECTOR_FK FOREIGN KEY (DIR_DIRECTOR_NO)
	  REFERENCES MM_DIRECTOR (DIRECTOR_NO) ON DELETE SET NULL;
 
  ALTER TABLE MM_MOVIE ADD CONSTRAINT MM_MOVIE_MOVIE_GENRE_FK FOREIGN KEY (MG_MOVIE_GENRE_NO)
	  REFERENCES MM_MOVIE_GENRE (MOVIE_GENRE_NO) ON DELETE SET NULL;

------------------------------------------------------
--  Ref Constraints for Table MM_MOVIE_MOVIE_STAR
------------------------------------------------------

  ALTER TABLE MM_MOVIE_MOVIE_STAR ADD CONSTRAINT MM_MOV_MOVSTAR_MOVIE_FK FOREIGN KEY (MOV_MOVIE_NO)
	  REFERENCES MM_MOVIE (MOVIE_NO) ON DELETE SET NULL;
 
  ALTER TABLE MM_MOVIE_MOVIE_STAR ADD CONSTRAINT MM_MOV_MOVSTAR_STAR_FK FOREIGN KEY (MS_STAR_NO)
	  REFERENCES MM_MOVIE_STAR (STAR_NO) ON DELETE SET NULL;

----------------------------------------------------------
----  Constraints for Table MM_MOVIE_MOVIE_STAR
----------------------------------------------------------
  --ALTER TABLE MM_MOVIE_MOVIE_STAR ALTER COLUMN MOV_MOVIE_NO SMALLINT NOT NULL;
  
  --ALTER TABLE MM_MOVIE_MOVIE_STAR ALTER COLUMN MS_STAR_NO SMALLINT NOT NULL;
  
  --ALTER TABLE MM_MOVIE_MOVIE_STAR ADD CONSTRAINT MM_MOVIE_MOVIE_STAR_PK PRIMARY KEY (MOV_MOVIE_NO, MS_STAR_NO); 


--------------------------------------------------------
--  DDL for Index SYS_C0028190
--------------------------------------------------------
	  CREATE UNIQUE INDEX SYS_C0028190 ON MM_DIRECTOR (DIRECTOR_NO);

--------------------------------------------------------
--  DDL for Index SYS_C0028199
--------------------------------------------------------

  CREATE UNIQUE INDEX SYS_C0028199 ON MM_MOVIE (MOVIE_NO) ;
--------------------------------------------------------
--  DDL for Index SYS_C0028209
--------------------------------------------------------

  CREATE UNIQUE INDEX SYS_C0028209 ON MM_MOVIE_GENRE (MOVIE_GENRE_NO);
--------------------------------------------------------
--  DDL for Index SYS_C0028202
--------------------------------------------------------

  CREATE UNIQUE INDEX SYS_C0028202 ON MM_MOVIE_MOVIE_STAR (MOV_MOVIE_NO, MS_STAR_NO);
--------------------------------------------------------
--  DDL for Index SYS_C0028206
--------------------------------------------------------

  CREATE UNIQUE INDEX SYS_C0028206 ON MM_MOVIE_STAR (STAR_NO);

-- INSERTING into MM_DIRECTOR
--SET DEFINE OFF;
Insert into MM_DIRECTOR (DIRECTOR_NO,LASTNAME,FIRSTNAME,BIRTH_YEAR,DEATH_YEAR) values (1,'Allen','Woody',1935,null);
Insert into MM_DIRECTOR (DIRECTOR_NO,LASTNAME,FIRSTNAME,BIRTH_YEAR,DEATH_YEAR) values (2,'Hitchcock','Alfred',1899,1980);
Insert into MM_DIRECTOR (DIRECTOR_NO,LASTNAME,FIRSTNAME,BIRTH_YEAR,DEATH_YEAR) values (3,'De Mille','Cecil B.',1881,1959);
Insert into MM_DIRECTOR (DIRECTOR_NO,LASTNAME,FIRSTNAME,BIRTH_YEAR,DEATH_YEAR) values (4,'Kramer','Stanley',1913,2001);
Insert into MM_DIRECTOR (DIRECTOR_NO,LASTNAME,FIRSTNAME,BIRTH_YEAR,DEATH_YEAR) values (5,'Kubrick','Stanley',1928,1999);
Insert into MM_DIRECTOR (DIRECTOR_NO,LASTNAME,FIRSTNAME,BIRTH_YEAR,DEATH_YEAR) values (6,'Preminger','Otto',1906,1980);
Insert into MM_DIRECTOR (DIRECTOR_NO,LASTNAME,FIRSTNAME,BIRTH_YEAR,DEATH_YEAR) values (7,'Ford','John',1895,1973);
Insert into MM_DIRECTOR (DIRECTOR_NO,LASTNAME,FIRSTNAME,BIRTH_YEAR,DEATH_YEAR) values (8,'Winick','Gary',1961,null);
Insert into MM_DIRECTOR (DIRECTOR_NO,LASTNAME,FIRSTNAME,BIRTH_YEAR,DEATH_YEAR) values (9,'De Niro','Robert',1943,null);
Insert into MM_DIRECTOR (DIRECTOR_NO,LASTNAME,FIRSTNAME,BIRTH_YEAR,DEATH_YEAR) values (10,'Soderbergh','Steven',1963,null);
--REM INSERTING into MM_MOVIE_GENRE
--SET DEFINE OFF;
Insert into MM_MOVIE_GENRE (MOVIE_GENRE_NO,MOVIE_GENRE_DESCRIPTION,MOVIE_GENRE_FINE) values (3,'Western',2.5);
Insert into MM_MOVIE_GENRE (MOVIE_GENRE_NO,MOVIE_GENRE_DESCRIPTION,MOVIE_GENRE_FINE) values (6,'New Release',3.5);
Insert into MM_MOVIE_GENRE (MOVIE_GENRE_NO,MOVIE_GENRE_DESCRIPTION,MOVIE_GENRE_FINE) values (7,'Children',0.5);
Insert into MM_MOVIE_GENRE (MOVIE_GENRE_NO,MOVIE_GENRE_DESCRIPTION,MOVIE_GENRE_FINE) values (8,'Suspense',2.5);
Insert into MM_MOVIE_GENRE (MOVIE_GENRE_NO,MOVIE_GENRE_DESCRIPTION,MOVIE_GENRE_FINE) values (1,'SciFi',2.5);
Insert into MM_MOVIE_GENRE (MOVIE_GENRE_NO,MOVIE_GENRE_DESCRIPTION,MOVIE_GENRE_FINE) values (2,'Horror',2.5);
Insert into MM_MOVIE_GENRE (MOVIE_GENRE_NO,MOVIE_GENRE_DESCRIPTION,MOVIE_GENRE_FINE) values (5,'Drama',2.5);
Insert into MM_MOVIE_GENRE (MOVIE_GENRE_NO,MOVIE_GENRE_DESCRIPTION,MOVIE_GENRE_FINE) values (9,'Religion',2.5);
Insert into MM_MOVIE_GENRE (MOVIE_GENRE_NO,MOVIE_GENRE_DESCRIPTION,MOVIE_GENRE_FINE) values (4,'Comedy',2.5);
-- INSERTING into MM_MOVIE
--SET DEFINE OFF;
Insert into MM_MOVIE (MOVIE_NO,TITLE,CRITICS_RATING,MPAA_RATING,NO_AWARDS_NOMINATED,NO_AWARDS_WON,DIR_DIRECTOR_NO,MG_MOVIE_GENRE_NO,YEAR_MADE) values (1,'Annie Hall','4','PG',5,4,1,4,1977);
Insert into MM_MOVIE (MOVIE_NO,TITLE,CRITICS_RATING,MPAA_RATING,NO_AWARDS_NOMINATED,NO_AWARDS_WON,DIR_DIRECTOR_NO,MG_MOVIE_GENRE_NO,YEAR_MADE) values (2,'Dr. Strangelove','4','PG',4,0,5,4,1964);
Insert into MM_MOVIE (MOVIE_NO,TITLE,CRITICS_RATING,MPAA_RATING,NO_AWARDS_NOMINATED,NO_AWARDS_WON,DIR_DIRECTOR_NO,MG_MOVIE_GENRE_NO,YEAR_MADE) values (3,'Clockwork Orange','4','R',3,0,5,1,1971);
Insert into MM_MOVIE (MOVIE_NO,TITLE,CRITICS_RATING,MPAA_RATING,NO_AWARDS_NOMINATED,NO_AWARDS_WON,DIR_DIRECTOR_NO,MG_MOVIE_GENRE_NO,YEAR_MADE) values (4,'North by Northwest','4','PG',1,0,2,8,1959);
Insert into MM_MOVIE (MOVIE_NO,TITLE,CRITICS_RATING,MPAA_RATING,NO_AWARDS_NOMINATED,NO_AWARDS_WON,DIR_DIRECTOR_NO,MG_MOVIE_GENRE_NO,YEAR_MADE) values (5,'Rope','5','6',0,0,2,8,1948);
Insert into MM_MOVIE (MOVIE_NO,TITLE,CRITICS_RATING,MPAA_RATING,NO_AWARDS_NOMINATED,NO_AWARDS_WON,DIR_DIRECTOR_NO,MG_MOVIE_GENRE_NO,YEAR_MADE) values (6,'Psycho','4','PG',3,0,2,2,1960);
Insert into MM_MOVIE (MOVIE_NO,TITLE,CRITICS_RATING,MPAA_RATING,NO_AWARDS_NOMINATED,NO_AWARDS_WON,DIR_DIRECTOR_NO,MG_MOVIE_GENRE_NO,YEAR_MADE) values (7,'Interiors','3','PG',3,0,1,5,1978);
Insert into MM_MOVIE (MOVIE_NO,TITLE,CRITICS_RATING,MPAA_RATING,NO_AWARDS_NOMINATED,NO_AWARDS_WON,DIR_DIRECTOR_NO,MG_MOVIE_GENRE_NO,YEAR_MADE) values (8,'The Birds','3','6',0,0,2,2,1963);
Insert into MM_MOVIE (MOVIE_NO,TITLE,CRITICS_RATING,MPAA_RATING,NO_AWARDS_NOMINATED,NO_AWARDS_WON,DIR_DIRECTOR_NO,MG_MOVIE_GENRE_NO,YEAR_MADE) values (9,'Samson and Delilah','2','6',1,0,3,9,1949);
Insert into MM_MOVIE (MOVIE_NO,TITLE,CRITICS_RATING,MPAA_RATING,NO_AWARDS_NOMINATED,NO_AWARDS_WON,DIR_DIRECTOR_NO,MG_MOVIE_GENRE_NO,YEAR_MADE) values (10,'Guess Who is Coming to Dinner','3','6',6,2,4,4,1967);
Insert into MM_MOVIE (MOVIE_NO,TITLE,CRITICS_RATING,MPAA_RATING,NO_AWARDS_NOMINATED,NO_AWARDS_WON,DIR_DIRECTOR_NO,MG_MOVIE_GENRE_NO,YEAR_MADE) values (11,'Manhattan','4','R',2,0,1,4,1979);
Insert into MM_MOVIE (MOVIE_NO,TITLE,CRITICS_RATING,MPAA_RATING,NO_AWARDS_NOMINATED,NO_AWARDS_WON,DIR_DIRECTOR_NO,MG_MOVIE_GENRE_NO,YEAR_MADE) values (12,'Vertigo','4','6',0,0,2,8,1958);
Insert into MM_MOVIE (MOVIE_NO,TITLE,CRITICS_RATING,MPAA_RATING,NO_AWARDS_NOMINATED,NO_AWARDS_WON,DIR_DIRECTOR_NO,MG_MOVIE_GENRE_NO,YEAR_MADE) values (13,'Judgement at Nuremberg','3','6',6,2,4,5,1961);
Insert into MM_MOVIE (MOVIE_NO,TITLE,CRITICS_RATING,MPAA_RATING,NO_AWARDS_NOMINATED,NO_AWARDS_WON,DIR_DIRECTOR_NO,MG_MOVIE_GENRE_NO,YEAR_MADE) values (14,'2001','4','G',2,0,5,1,1968);
Insert into MM_MOVIE (MOVIE_NO,TITLE,CRITICS_RATING,MPAA_RATING,NO_AWARDS_NOMINATED,NO_AWARDS_WON,DIR_DIRECTOR_NO,MG_MOVIE_GENRE_NO,YEAR_MADE) values (15,'The Man with the Golden Arm','3','6',1,0,6,5,1955);
Insert into MM_MOVIE (MOVIE_NO,TITLE,CRITICS_RATING,MPAA_RATING,NO_AWARDS_NOMINATED,NO_AWARDS_WON,DIR_DIRECTOR_NO,MG_MOVIE_GENRE_NO,YEAR_MADE) values (16,'Anatomy of a Murder','4','6',4,0,6,8,1959);
Insert into MM_MOVIE (MOVIE_NO,TITLE,CRITICS_RATING,MPAA_RATING,NO_AWARDS_NOMINATED,NO_AWARDS_WON,DIR_DIRECTOR_NO,MG_MOVIE_GENRE_NO,YEAR_MADE) values (17,'Inherit the Wind','4','6',2,0,4,5,1960);
Insert into MM_MOVIE (MOVIE_NO,TITLE,CRITICS_RATING,MPAA_RATING,NO_AWARDS_NOMINATED,NO_AWARDS_WON,DIR_DIRECTOR_NO,MG_MOVIE_GENRE_NO,YEAR_MADE) values (18,'Laura','4','6',3,1,6,8,1944);
Insert into MM_MOVIE (MOVIE_NO,TITLE,CRITICS_RATING,MPAA_RATING,NO_AWARDS_NOMINATED,NO_AWARDS_WON,DIR_DIRECTOR_NO,MG_MOVIE_GENRE_NO,YEAR_MADE) values (19,'The Ten Commandments','3','6',1,0,3,9,1956);
Insert into MM_MOVIE (MOVIE_NO,TITLE,CRITICS_RATING,MPAA_RATING,NO_AWARDS_NOMINATED,NO_AWARDS_WON,DIR_DIRECTOR_NO,MG_MOVIE_GENRE_NO,YEAR_MADE) values (20,'The Moon is Blue','2','6',1,0,6,4,1953);
Insert into MM_MOVIE (MOVIE_NO,TITLE,CRITICS_RATING,MPAA_RATING,NO_AWARDS_NOMINATED,NO_AWARDS_WON,DIR_DIRECTOR_NO,MG_MOVIE_GENRE_NO,YEAR_MADE) values (21,'Stagecoach','4','6',3,1,7,3,1939);
Insert into MM_MOVIE (MOVIE_NO,TITLE,CRITICS_RATING,MPAA_RATING,NO_AWARDS_NOMINATED,NO_AWARDS_WON,DIR_DIRECTOR_NO,MG_MOVIE_GENRE_NO,YEAR_MADE) values (22,'Rear Window','4','6',1,0,2,8,1954);
Insert into MM_MOVIE (MOVIE_NO,TITLE,CRITICS_RATING,MPAA_RATING,NO_AWARDS_NOMINATED,NO_AWARDS_WON,DIR_DIRECTOR_NO,MG_MOVIE_GENRE_NO,YEAR_MADE) values (23,'Mogambo','3','6',2,0,7,3,1953);
Insert into MM_MOVIE (MOVIE_NO,TITLE,CRITICS_RATING,MPAA_RATING,NO_AWARDS_NOMINATED,NO_AWARDS_WON,DIR_DIRECTOR_NO,MG_MOVIE_GENRE_NO,YEAR_MADE) values (24,'Grapes of Wrath','4','6',4,2,7,5,1940);
Insert into MM_MOVIE (MOVIE_NO,TITLE,CRITICS_RATING,MPAA_RATING,NO_AWARDS_NOMINATED,NO_AWARDS_WON,DIR_DIRECTOR_NO,MG_MOVIE_GENRE_NO,YEAR_MADE) values (25,'Charlotte''s Web','3','G',9,7,8,7,2007);
Insert into MM_MOVIE (MOVIE_NO,TITLE,CRITICS_RATING,MPAA_RATING,NO_AWARDS_NOMINATED,NO_AWARDS_WON,DIR_DIRECTOR_NO,MG_MOVIE_GENRE_NO,YEAR_MADE) values (26,'The Good Shepherd','3','R',6,1,9,5,2007);
Insert into MM_MOVIE (MOVIE_NO,TITLE,CRITICS_RATING,MPAA_RATING,NO_AWARDS_NOMINATED,NO_AWARDS_WON,DIR_DIRECTOR_NO,MG_MOVIE_GENRE_NO,YEAR_MADE) values (27,'Ocean''s Eleven','4','6',16,3,8,4,2002);
--REM INSERTING into MM_MOVIE_STAR
--SET DEFINE OFF;
Insert into MM_MOVIE_STAR (STAR_NO,LASTNAME,FIRSTNAME,BIRTH_PLACE,BIRTH_YEAR,DEATH_YEAR) values (1,'Allen','Woody','New York',1935,null);
Insert into MM_MOVIE_STAR (STAR_NO,LASTNAME,FIRSTNAME,BIRTH_PLACE,BIRTH_YEAR,DEATH_YEAR) values (2,'Keaton','Diane','Los Angeles',1946,null);
Insert into MM_MOVIE_STAR (STAR_NO,LASTNAME,FIRSTNAME,BIRTH_PLACE,BIRTH_YEAR,DEATH_YEAR) values (3,'Sellers','Peter','Southsea, Eng.',1925,1980);
Insert into MM_MOVIE_STAR (STAR_NO,LASTNAME,FIRSTNAME,BIRTH_PLACE,BIRTH_YEAR,DEATH_YEAR) values (4,'Scott','George C.','Wise, Va.',1927,1999);
Insert into MM_MOVIE_STAR (STAR_NO,LASTNAME,FIRSTNAME,BIRTH_PLACE,BIRTH_YEAR,DEATH_YEAR) values (5,'McDowell','Malcolm','Leeds, Eng',1943,null);
Insert into MM_MOVIE_STAR (STAR_NO,LASTNAME,FIRSTNAME,BIRTH_PLACE,BIRTH_YEAR,DEATH_YEAR) values (6,'Grant','Cary','Bristol, Eng.',1904,1986);
Insert into MM_MOVIE_STAR (STAR_NO,LASTNAME,FIRSTNAME,BIRTH_PLACE,BIRTH_YEAR,DEATH_YEAR) values (7,'Saint','Eva Marie','Newark, N.J.',1929,null);
Insert into MM_MOVIE_STAR (STAR_NO,LASTNAME,FIRSTNAME,BIRTH_PLACE,BIRTH_YEAR,DEATH_YEAR) values (8,'Stewart','James','Indiana, Pa.',1908,1997);
Insert into MM_MOVIE_STAR (STAR_NO,LASTNAME,FIRSTNAME,BIRTH_PLACE,BIRTH_YEAR,DEATH_YEAR) values (9,'Perkins','Anthony','New York',1932,1992);
Insert into MM_MOVIE_STAR (STAR_NO,LASTNAME,FIRSTNAME,BIRTH_PLACE,BIRTH_YEAR,DEATH_YEAR) values (10,'Leigh','Janet','Merced, Cal.',1927,2004);
Insert into MM_MOVIE_STAR (STAR_NO,LASTNAME,FIRSTNAME,BIRTH_PLACE,BIRTH_YEAR,DEATH_YEAR) values (11,'Taylor','Rod','Sydney, Australia',1930,null);
Insert into MM_MOVIE_STAR (STAR_NO,LASTNAME,FIRSTNAME,BIRTH_PLACE,BIRTH_YEAR,DEATH_YEAR) values (12,'Hedren','Tippi','Lafayette, Minn.',1935,null);
Insert into MM_MOVIE_STAR (STAR_NO,LASTNAME,FIRSTNAME,BIRTH_PLACE,BIRTH_YEAR,DEATH_YEAR) values (13,'Mature','Victor','luisville, Ky.',1916,1999);
Insert into MM_MOVIE_STAR (STAR_NO,LASTNAME,FIRSTNAME,BIRTH_PLACE,BIRTH_YEAR,DEATH_YEAR) values (14,'Tracy','Spencer','Milwaukee',1900,1967);
Insert into MM_MOVIE_STAR (STAR_NO,LASTNAME,FIRSTNAME,BIRTH_PLACE,BIRTH_YEAR,DEATH_YEAR) values (15,'Hepburn','Katharine','Hartford',1909,2003);
Insert into MM_MOVIE_STAR (STAR_NO,LASTNAME,FIRSTNAME,BIRTH_PLACE,BIRTH_YEAR,DEATH_YEAR) values (16,'Dullea','Keir','Cleveland',1939,null);
Insert into MM_MOVIE_STAR (STAR_NO,LASTNAME,FIRSTNAME,BIRTH_PLACE,BIRTH_YEAR,DEATH_YEAR) values (17,'Novak','Kim','Chicago',1933,null);
Insert into MM_MOVIE_STAR (STAR_NO,LASTNAME,FIRSTNAME,BIRTH_PLACE,BIRTH_YEAR,DEATH_YEAR) values (18,'Sinatra','Frank','Hoboken, N.J.',1915,1998);
Insert into MM_MOVIE_STAR (STAR_NO,LASTNAME,FIRSTNAME,BIRTH_PLACE,BIRTH_YEAR,DEATH_YEAR) values (19,'March','Fredric','Racine, Wis.',1897,1975);
Insert into MM_MOVIE_STAR (STAR_NO,LASTNAME,FIRSTNAME,BIRTH_PLACE,BIRTH_YEAR,DEATH_YEAR) values (20,'Andrews','Dana','Collins, Miss.',1912,1992);
Insert into MM_MOVIE_STAR (STAR_NO,LASTNAME,FIRSTNAME,BIRTH_PLACE,BIRTH_YEAR,DEATH_YEAR) values (21,'Heston','Charlton','Evanston, Ill.',1923,2008);
Insert into MM_MOVIE_STAR (STAR_NO,LASTNAME,FIRSTNAME,BIRTH_PLACE,BIRTH_YEAR,DEATH_YEAR) values (22,'McNamara','Maggie','New York',1928,1978);
Insert into MM_MOVIE_STAR (STAR_NO,LASTNAME,FIRSTNAME,BIRTH_PLACE,BIRTH_YEAR,DEATH_YEAR) values (23,'Niven','David','Kirriemuir, Scot.',1910,1983);
Insert into MM_MOVIE_STAR (STAR_NO,LASTNAME,FIRSTNAME,BIRTH_PLACE,BIRTH_YEAR,DEATH_YEAR) values (24,'Wayne','John','Winterset, Iowa',1907,1979);
Insert into MM_MOVIE_STAR (STAR_NO,LASTNAME,FIRSTNAME,BIRTH_PLACE,BIRTH_YEAR,DEATH_YEAR) values (25,'Gable','Clark','Cadiz, O.',1901,1960);
Insert into MM_MOVIE_STAR (STAR_NO,LASTNAME,FIRSTNAME,BIRTH_PLACE,BIRTH_YEAR,DEATH_YEAR) values (26,'Kelly','Grace','Philadelphia',1929,1982);
Insert into MM_MOVIE_STAR (STAR_NO,LASTNAME,FIRSTNAME,BIRTH_PLACE,BIRTH_YEAR,DEATH_YEAR) values (27,'Fonda','Henry','Grand Island, Neb.',1905,1982);
Insert into MM_MOVIE_STAR (STAR_NO,LASTNAME,FIRSTNAME,BIRTH_PLACE,BIRTH_YEAR,DEATH_YEAR) values (28,'Roberts','Julia','Georgia',1967,null);
Insert into MM_MOVIE_STAR (STAR_NO,LASTNAME,FIRSTNAME,BIRTH_PLACE,BIRTH_YEAR,DEATH_YEAR) values (29,'Clooney','George','Kentucky',1961,null);
Insert into MM_MOVIE_STAR (STAR_NO,LASTNAME,FIRSTNAME,BIRTH_PLACE,BIRTH_YEAR,DEATH_YEAR) values (30,'Damon','Matt','Cambridge, Mass',1970,null);
--REM INSERTING into MM_MOVIE_MOVIE_STAR
--SET DEFINE OFF;
Insert into MM_MOVIE_MOVIE_STAR (MOV_MOVIE_NO,MS_STAR_NO) values (1,1);
Insert into MM_MOVIE_MOVIE_STAR (MOV_MOVIE_NO,MS_STAR_NO) values (1,2);
Insert into MM_MOVIE_MOVIE_STAR (MOV_MOVIE_NO,MS_STAR_NO) values (2,3);
Insert into MM_MOVIE_MOVIE_STAR (MOV_MOVIE_NO,MS_STAR_NO) values (2,4);
Insert into MM_MOVIE_MOVIE_STAR (MOV_MOVIE_NO,MS_STAR_NO) values (3,5);
Insert into MM_MOVIE_MOVIE_STAR (MOV_MOVIE_NO,MS_STAR_NO) values (4,6);
Insert into MM_MOVIE_MOVIE_STAR (MOV_MOVIE_NO,MS_STAR_NO) values (4,7);
Insert into MM_MOVIE_MOVIE_STAR (MOV_MOVIE_NO,MS_STAR_NO) values (5,8);
Insert into MM_MOVIE_MOVIE_STAR (MOV_MOVIE_NO,MS_STAR_NO) values (6,9);
Insert into MM_MOVIE_MOVIE_STAR (MOV_MOVIE_NO,MS_STAR_NO) values (6,10);
Insert into MM_MOVIE_MOVIE_STAR (MOV_MOVIE_NO,MS_STAR_NO) values (7,2);
Insert into MM_MOVIE_MOVIE_STAR (MOV_MOVIE_NO,MS_STAR_NO) values (8,11);
Insert into MM_MOVIE_MOVIE_STAR (MOV_MOVIE_NO,MS_STAR_NO) values (8,12);
Insert into MM_MOVIE_MOVIE_STAR (MOV_MOVIE_NO,MS_STAR_NO) values (9,13);
Insert into MM_MOVIE_MOVIE_STAR (MOV_MOVIE_NO,MS_STAR_NO) values (10,14);
Insert into MM_MOVIE_MOVIE_STAR (MOV_MOVIE_NO,MS_STAR_NO) values (10,15);
Insert into MM_MOVIE_MOVIE_STAR (MOV_MOVIE_NO,MS_STAR_NO) values (11,1);
Insert into MM_MOVIE_MOVIE_STAR (MOV_MOVIE_NO,MS_STAR_NO) values (11,2);
Insert into MM_MOVIE_MOVIE_STAR (MOV_MOVIE_NO,MS_STAR_NO) values (12,8);
Insert into MM_MOVIE_MOVIE_STAR (MOV_MOVIE_NO,MS_STAR_NO) values (12,17);
Insert into MM_MOVIE_MOVIE_STAR (MOV_MOVIE_NO,MS_STAR_NO) values (13,14);
Insert into MM_MOVIE_MOVIE_STAR (MOV_MOVIE_NO,MS_STAR_NO) values (14,16);
Insert into MM_MOVIE_MOVIE_STAR (MOV_MOVIE_NO,MS_STAR_NO) values (15,17);
Insert into MM_MOVIE_MOVIE_STAR (MOV_MOVIE_NO,MS_STAR_NO) values (15,18);
Insert into MM_MOVIE_MOVIE_STAR (MOV_MOVIE_NO,MS_STAR_NO) values (16,8);
Insert into MM_MOVIE_MOVIE_STAR (MOV_MOVIE_NO,MS_STAR_NO) values (17,14);
Insert into MM_MOVIE_MOVIE_STAR (MOV_MOVIE_NO,MS_STAR_NO) values (17,19);
Insert into MM_MOVIE_MOVIE_STAR (MOV_MOVIE_NO,MS_STAR_NO) values (18,20);
Insert into MM_MOVIE_MOVIE_STAR (MOV_MOVIE_NO,MS_STAR_NO) values (19,21);
Insert into MM_MOVIE_MOVIE_STAR (MOV_MOVIE_NO,MS_STAR_NO) values (20,22);
Insert into MM_MOVIE_MOVIE_STAR (MOV_MOVIE_NO,MS_STAR_NO) values (20,23);
Insert into MM_MOVIE_MOVIE_STAR (MOV_MOVIE_NO,MS_STAR_NO) values (21,24);
Insert into MM_MOVIE_MOVIE_STAR (MOV_MOVIE_NO,MS_STAR_NO) values (22,8);
Insert into MM_MOVIE_MOVIE_STAR (MOV_MOVIE_NO,MS_STAR_NO) values (22,26);
Insert into MM_MOVIE_MOVIE_STAR (MOV_MOVIE_NO,MS_STAR_NO) values (23,25);
Insert into MM_MOVIE_MOVIE_STAR (MOV_MOVIE_NO,MS_STAR_NO) values (23,26);
Insert into MM_MOVIE_MOVIE_STAR (MOV_MOVIE_NO,MS_STAR_NO) values (24,27);
Insert into MM_MOVIE_MOVIE_STAR (MOV_MOVIE_NO,MS_STAR_NO) values (25,28);
Insert into MM_MOVIE_MOVIE_STAR (MOV_MOVIE_NO,MS_STAR_NO) values (26,16);
Insert into MM_MOVIE_MOVIE_STAR (MOV_MOVIE_NO,MS_STAR_NO) values (26,30);
Insert into MM_MOVIE_MOVIE_STAR (MOV_MOVIE_NO,MS_STAR_NO) values (27,29);




----------------------------------------------------------
----  Constraints for Table MM_DIRECTOR
----------------------------------------------------------
--  ALTER TABLE MM_DIRECTOR ALTER COLUMN DIRECTOR_NO SMALLINT NOT NULL;
  
--  ALTER TABLE MM_DIRECTOR ADD CONSTRAINT MM_DIRECTOR_PK PRIMARY KEY (DIRECTOR_NO);  
 
--  ALTER TABLE MM_DIRECTOR ALTER COLUMN LASTNAME VARCHAR(30) NOT NULL;
 
--  ALTER TABLE MM_DIRECTOR ALTER COLUMN FIRSTNAME VARCHAR(30) NOT NULL;


----------------------------------------------------------
----  Constraints for Table MM_MOVIE
----------------------------------------------------------
--  ALTER TABLE MM_MOVIE ALTER COLUMN MOVIE_NO SMALLINT NOT NULL;
  
--  ALTER TABLE MM_MOVIE ADD CONSTRAINT MM_MOVIE_PK PRIMARY KEY (MOVIE_NO);
 
--  ALTER TABLE MM_MOVIE ALTER COLUMN TITLE VARCHAR(30) NOT NULL;
----------------------------------------------------------
----  Constraints for Table MM_MOVIE_GENRE
----------------------------------------------------------
--  ALTER TABLE MM_MOVIE_GENRE ALTER COLUMN MOVIE_GENRE_NO TINYINT NOT NULL;
  
--  ALTER TABLE MM_MOVIE_GENRE ADD CONSTRAINT MM_MOVIE_GENRE_PK PRIMARY KEY (MOVIE_GENRE_NO);  
 
--  ALTER TABLE MM_MOVIE_GENRE ALTER COLUMN MOVIE_GENRE_DESCRIPTION VARCHAR(50) NOT NULL;


----------------------------------------------------------
----  Constraints for Table MM_MOVIE_STAR
----------------------------------------------------------
--  ALTER TABLE MM_MOVIE_STAR ALTER COLUMN STAR_NO SMALLINT NOT NULL;
  
--  ALTER TABLE MM_MOVIE_STAR ADD CONSTRAINT MM_MOVIE_STAR_PK PRIMARY KEY (STAR_NO);
 
--  ALTER TABLE MM_MOVIE_STAR ALTER COLUMN LASTNAME VARCHAR(30) NOT NULL;
 
--  ALTER TABLE MM_MOVIE_STAR ALTER COLUMN FIRSTNAME VARCHAR(30) NOT NULL;


